fold,unique_subject,clip_id,unique_clip,true_label,pred_label,prob_0,prob_1
1,BJ_0,1,BJ_0_clip_1,1,0,0.54146653,0.45853347
1,BJ_0,10,BJ_0_clip_10,1,0,0.60238653,0.39761353
1,BJ_0,11,BJ_0_clip_11,1,0,0.5962869,0.40371317
1,BJ_0,12,BJ_0_clip_12,1,0,0.5842062,0.41579372
1,BJ_0,13,BJ_0_clip_13,1,0,0.5578136,0.44218642
1,BJ_0,14,BJ_0_clip_14,1,0,0.58446825,0.41553175
1,BJ_0,15,BJ_0_clip_15,1,1,0.48548523,0.5145148
1,BJ_0,16,BJ_0_clip_16,1,0,0.6385354,0.36146462
1,BJ_0,17,BJ_0_clip_17,1,1,0.48004547,0.51995456
1,BJ_0,18,BJ_0_clip_18,1,1,0.42745578,0.5725443
1,BJ_0,19,BJ_0_clip_19,1,0,0.50604105,0.49395892
1,BJ_0,2,BJ_0_clip_2,1,1,0.4538894,0.54611063
1,BJ_0,20,BJ_0_clip_20,1,1,0.3387463,0.66125375
1,BJ_0,3,BJ_0_clip_3,1,1,0.49511427,0.50488573
1,BJ_0,4,BJ_0_clip_4,1,1,0.47029606,0.529704
1,BJ_0,5,BJ_0_clip_5,1,0,0.5567334,0.4432665
1,BJ_0,6,BJ_0_clip_6,1,0,0.6078809,0.39211914
1,BJ_0,7,BJ_0_clip_7,1,0,0.5854247,0.41457534
1,BJ_0,8,BJ_0_clip_8,1,0,0.5859367,0.41406325
1,BJ_0,9,BJ_0_clip_9,1,0,0.5044022,0.49559784
1,BJ_14,1,BJ_14_clip_1,1,0,0.62994885,0.37005115
1,BJ_14,10,BJ_14_clip_10,1,0,0.62904584,0.37095413
1,BJ_14,11,BJ_14_clip_11,1,0,0.6289667,0.37103328
1,BJ_14,12,BJ_14_clip_12,1,0,0.5975691,0.40243086
1,BJ_14,13,BJ_14_clip_13,1,0,0.5193196,0.48068038
1,BJ_14,14,BJ_14_clip_14,1,0,0.50937396,0.49062604
1,BJ_14,15,BJ_14_clip_15,1,0,0.531671,0.46832904
1,BJ_14,16,BJ_14_clip_16,1,0,0.6332,0.36680007
1,BJ_14,17,BJ_14_clip_17,1,0,0.53040004,0.46959993
1,BJ_14,18,BJ_14_clip_18,1,0,0.5866762,0.41332385
1,BJ_14,19,BJ_14_clip_19,1,0,0.57556,0.42444003
1,BJ_14,2,BJ_14_clip_2,1,1,0.4083781,0.5916219
1,BJ_14,20,BJ_14_clip_20,1,1,0.3502585,0.64974153
1,BJ_14,3,BJ_14_clip_3,1,0,0.5117143,0.48828575
1,BJ_14,4,BJ_14_clip_4,1,0,0.59596914,0.4040309
1,BJ_14,5,BJ_14_clip_5,1,1,0.42087865,0.57912135
1,BJ_14,6,BJ_14_clip_6,1,0,0.5576025,0.44239748
1,BJ_14,7,BJ_14_clip_7,1,0,0.6512239,0.34877604
1,BJ_14,8,BJ_14_clip_8,1,0,0.6400052,0.35999483
1,BJ_14,9,BJ_14_clip_9,1,0,0.5671915,0.43280846
1,BJ_15,1,BJ_15_clip_1,1,1,0.4651366,0.5348634
1,BJ_15,10,BJ_15_clip_10,1,0,0.52692807,0.47307196
1,BJ_15,11,BJ_15_clip_11,1,1,0.48284367,0.51715636
1,BJ_15,12,BJ_15_clip_12,1,1,0.3420361,0.6579639
1,BJ_15,13,BJ_15_clip_13,1,1,0.35642824,0.6435718
1,BJ_15,14,BJ_15_clip_14,1,1,0.4626813,0.5373187
1,BJ_15,15,BJ_15_clip_15,1,1,0.39428216,0.60571784
1,BJ_15,16,BJ_15_clip_16,1,0,0.5458546,0.4541453
1,BJ_15,17,BJ_15_clip_17,1,1,0.41100213,0.5889979
1,BJ_15,18,BJ_15_clip_18,1,1,0.4402974,0.55970263
1,BJ_15,19,BJ_15_clip_19,1,1,0.45518923,0.54481083
1,BJ_15,2,BJ_15_clip_2,1,1,0.30678716,0.69321287
1,BJ_15,20,BJ_15_clip_20,1,1,0.26224166,0.73775834
1,BJ_15,3,BJ_15_clip_3,1,1,0.40286985,0.5971302
1,BJ_15,4,BJ_15_clip_4,1,1,0.45317045,0.5468295
1,BJ_15,5,BJ_15_clip_5,1,1,0.39095843,0.6090415
1,BJ_15,6,BJ_15_clip_6,1,1,0.47139707,0.5286029
1,BJ_15,7,BJ_15_clip_7,1,1,0.4539474,0.54605263
1,BJ_15,8,BJ_15_clip_8,1,0,0.52347964,0.4765204
1,BJ_15,9,BJ_15_clip_9,1,1,0.45491508,0.5450849
1,BJ_16,1,BJ_16_clip_1,1,0,0.50517505,0.49482495
1,BJ_16,10,BJ_16_clip_10,1,1,0.3837537,0.61624634
1,BJ_16,11,BJ_16_clip_11,1,1,0.3506868,0.6493132
1,BJ_16,12,BJ_16_clip_12,1,1,0.3230101,0.6769899
1,BJ_16,13,BJ_16_clip_13,1,1,0.33498755,0.6650124
1,BJ_16,14,BJ_16_clip_14,1,1,0.45340982,0.54659015
1,BJ_16,15,BJ_16_clip_15,1,1,0.28637466,0.7136253
1,BJ_16,16,BJ_16_clip_16,1,1,0.38489798,0.61510205
1,BJ_16,17,BJ_16_clip_17,1,1,0.31789792,0.6821021
1,BJ_16,18,BJ_16_clip_18,1,1,0.31565765,0.6843424
1,BJ_16,19,BJ_16_clip_19,1,1,0.30301985,0.6969801
1,BJ_16,2,BJ_16_clip_2,1,1,0.29515535,0.70484465
1,BJ_16,20,BJ_16_clip_20,1,1,0.2797166,0.72028345
1,BJ_16,3,BJ_16_clip_3,1,1,0.3431005,0.6568995
1,BJ_16,4,BJ_16_clip_4,1,1,0.45999998,0.54
1,BJ_16,5,BJ_16_clip_5,1,1,0.40517256,0.5948274
1,BJ_16,6,BJ_16_clip_6,1,1,0.47907576,0.5209242
1,BJ_16,7,BJ_16_clip_7,1,1,0.40996167,0.59003836
1,BJ_16,8,BJ_16_clip_8,1,1,0.46612355,0.5338765
1,BJ_16,9,BJ_16_clip_9,1,1,0.33535117,0.6646488
1,BJ_21,1,BJ_21_clip_1,1,0,0.54287237,0.4571276
1,BJ_21,10,BJ_21_clip_10,1,1,0.35765496,0.6423451
1,BJ_21,11,BJ_21_clip_11,1,1,0.40097386,0.59902614
1,BJ_21,12,BJ_21_clip_12,1,1,0.29155385,0.7084462
1,BJ_21,13,BJ_21_clip_13,1,1,0.43443233,0.5655677
1,BJ_21,14,BJ_21_clip_14,1,1,0.28477445,0.7152255
1,BJ_21,15,BJ_21_clip_15,1,1,0.20081803,0.799182
1,BJ_21,16,BJ_21_clip_16,1,1,0.23374645,0.76625353
1,BJ_21,17,BJ_21_clip_17,1,1,0.3952966,0.6047034
1,BJ_21,18,BJ_21_clip_18,1,1,0.40899247,0.59100753
1,BJ_21,19,BJ_21_clip_19,1,1,0.4301365,0.5698635
1,BJ_21,2,BJ_21_clip_2,1,1,0.42651066,0.5734893
1,BJ_21,20,BJ_21_clip_20,1,1,0.17275149,0.8272486
1,BJ_21,3,BJ_21_clip_3,1,1,0.49979302,0.50020695
1,BJ_21,4,BJ_21_clip_4,1,1,0.36339787,0.6366021
1,BJ_21,5,BJ_21_clip_5,1,1,0.32382706,0.6761729
1,BJ_21,6,BJ_21_clip_6,1,1,0.44360545,0.5563945
1,BJ_21,7,BJ_21_clip_7,1,1,0.44547862,0.5545213
1,BJ_21,8,BJ_21_clip_8,1,1,0.29634073,0.7036593
1,BJ_21,9,BJ_21_clip_9,1,1,0.33598676,0.6640132
1,BJ_22,1,BJ_22_clip_1,1,0,0.5681932,0.43180683
1,BJ_22,10,BJ_22_clip_10,1,1,0.4605756,0.53942436
1,BJ_22,11,BJ_22_clip_11,1,0,0.6072665,0.39273354
1,BJ_22,12,BJ_22_clip_12,1,1,0.42708442,0.57291555
1,BJ_22,13,BJ_22_clip_13,1,1,0.44790515,0.5520948
1,BJ_22,14,BJ_22_clip_14,1,0,0.52108824,0.47891173
1,BJ_22,15,BJ_22_clip_15,1,1,0.47480243,0.52519757
1,BJ_22,16,BJ_22_clip_16,1,0,0.6425921,0.35740787
1,BJ_22,17,BJ_22_clip_17,1,1,0.45576954,0.54423046
1,BJ_22,18,BJ_22_clip_18,1,0,0.55724424,0.4427558
1,BJ_22,19,BJ_22_clip_19,1,1,0.4886365,0.51136357
1,BJ_22,2,BJ_22_clip_2,1,1,0.4778472,0.5221528
1,BJ_22,20,BJ_22_clip_20,1,1,0.34053138,0.6594686
1,BJ_22,3,BJ_22_clip_3,1,1,0.49349126,0.5065087
1,BJ_22,4,BJ_22_clip_4,1,0,0.50826544,0.49173456
1,BJ_22,5,BJ_22_clip_5,1,0,0.5514585,0.44854152
1,BJ_22,6,BJ_22_clip_6,1,0,0.6385108,0.36148924
1,BJ_22,7,BJ_22_clip_7,1,0,0.59783167,0.4021683
1,BJ_22,8,BJ_22_clip_8,1,0,0.5817125,0.4182875
1,BJ_22,9,BJ_22_clip_9,1,0,0.5489375,0.45106253
1,BJ_24,1,BJ_24_clip_1,1,1,0.2048637,0.79513633
1,BJ_24,10,BJ_24_clip_10,1,1,0.26795503,0.732045
1,BJ_24,11,BJ_24_clip_11,1,1,0.42289168,0.5771083
1,BJ_24,12,BJ_24_clip_12,1,1,0.27592453,0.7240755
1,BJ_24,13,BJ_24_clip_13,1,1,0.19638352,0.8036164
1,BJ_24,14,BJ_24_clip_14,1,1,0.17595595,0.82404405
1,BJ_24,15,BJ_24_clip_15,1,1,0.20223945,0.7977605
1,BJ_24,16,BJ_24_clip_16,1,1,0.22559668,0.77440333
1,BJ_24,17,BJ_24_clip_17,1,1,0.2244115,0.7755885
1,BJ_24,18,BJ_24_clip_18,1,1,0.26113462,0.73886544
1,BJ_24,19,BJ_24_clip_19,1,1,0.24809882,0.75190115
1,BJ_24,2,BJ_24_clip_2,1,1,0.15470394,0.845296
1,BJ_24,20,BJ_24_clip_20,1,1,0.22359467,0.77640533
1,BJ_24,3,BJ_24_clip_3,1,1,0.124266215,0.87573373
1,BJ_24,4,BJ_24_clip_4,1,1,0.12052194,0.8794781
1,BJ_24,5,BJ_24_clip_5,1,1,0.11312452,0.8868755
1,BJ_24,6,BJ_24_clip_6,1,1,0.17477396,0.82522607
1,BJ_24,7,BJ_24_clip_7,1,1,0.2953273,0.70467263
1,BJ_24,8,BJ_24_clip_8,1,1,0.26455048,0.73544955
1,BJ_24,9,BJ_24_clip_9,1,1,0.30304822,0.6969518
1,BJ_6,1,BJ_6_clip_1,1,0,0.5186865,0.48131353
1,BJ_6,10,BJ_6_clip_10,1,1,0.32408535,0.67591465
1,BJ_6,11,BJ_6_clip_11,1,1,0.49899626,0.50100374
1,BJ_6,12,BJ_6_clip_12,1,1,0.49861547,0.5013845
1,BJ_6,13,BJ_6_clip_13,1,1,0.33588302,0.664117
1,BJ_6,14,BJ_6_clip_14,1,1,0.3476692,0.65233076
1,BJ_6,15,BJ_6_clip_15,1,1,0.4667673,0.5332327
1,BJ_6,16,BJ_6_clip_16,1,1,0.4561452,0.54385483
1,BJ_6,17,BJ_6_clip_17,1,1,0.32924166,0.6707583
1,BJ_6,18,BJ_6_clip_18,1,1,0.45813152,0.5418685
1,BJ_6,19,BJ_6_clip_19,1,1,0.32447445,0.67552555
1,BJ_6,2,BJ_6_clip_2,1,1,0.47758135,0.5224187
1,BJ_6,20,BJ_6_clip_20,1,1,0.29423898,0.705761
1,BJ_6,3,BJ_6_clip_3,1,0,0.51455355,0.48544642
1,BJ_6,4,BJ_6_clip_4,1,0,0.5535213,0.44647872
1,BJ_6,5,BJ_6_clip_5,1,1,0.3760718,0.6239281
1,BJ_6,6,BJ_6_clip_6,1,1,0.42161798,0.57838196
1,BJ_6,7,BJ_6_clip_7,1,0,0.5702008,0.42979926
1,BJ_6,8,BJ_6_clip_8,1,0,0.5821893,0.41781062
1,BJ_6,9,BJ_6_clip_9,1,1,0.47301272,0.5269873
1,BJ_8,1,BJ_8_clip_1,1,1,0.40261826,0.5973818
1,BJ_8,10,BJ_8_clip_10,1,0,0.500825,0.49917498
1,BJ_8,11,BJ_8_clip_11,1,1,0.49605855,0.5039414
1,BJ_8,12,BJ_8_clip_12,1,1,0.37791038,0.6220896
1,BJ_8,13,BJ_8_clip_13,1,1,0.37239313,0.62760687
1,BJ_8,14,BJ_8_clip_14,1,1,0.3853757,0.61462426
1,BJ_8,15,BJ_8_clip_15,1,1,0.3756129,0.6243871
1,BJ_8,16,BJ_8_clip_16,1,1,0.4823351,0.5176649
1,BJ_8,17,BJ_8_clip_17,1,1,0.38110185,0.6188982
1,BJ_8,18,BJ_8_clip_18,1,1,0.36966798,0.630332
1,BJ_8,19,BJ_8_clip_19,1,1,0.34130678,0.6586932
1,BJ_8,2,BJ_8_clip_2,1,1,0.24005273,0.75994724
1,BJ_8,20,BJ_8_clip_20,1,1,0.28568164,0.7143184
1,BJ_8,3,BJ_8_clip_3,1,1,0.39374483,0.60625523
1,BJ_8,4,BJ_8_clip_4,1,1,0.42880228,0.57119775
1,BJ_8,5,BJ_8_clip_5,1,1,0.4133036,0.5866964
1,BJ_8,6,BJ_8_clip_6,1,0,0.5386653,0.4613347
1,BJ_8,7,BJ_8_clip_7,1,0,0.5002871,0.49971288
1,BJ_8,8,BJ_8_clip_8,1,0,0.52748865,0.4725113
1,BJ_8,9,BJ_8_clip_9,1,1,0.43677026,0.5632298
1,ZJ_10,1,ZJ_10_clip_1,0,0,0.5971497,0.4028503
1,ZJ_10,10,ZJ_10_clip_10,0,0,0.5566214,0.44337863
1,ZJ_10,11,ZJ_10_clip_11,0,0,0.5531664,0.44683364
1,ZJ_10,12,ZJ_10_clip_12,0,0,0.51746196,0.482538
1,ZJ_10,13,ZJ_10_clip_13,0,0,0.52247506,0.4775249
1,ZJ_10,14,ZJ_10_clip_14,0,0,0.5667219,0.43327808
1,ZJ_10,15,ZJ_10_clip_15,0,0,0.52258915,0.47741085
1,ZJ_10,16,ZJ_10_clip_16,0,0,0.5866193,0.41338065
1,ZJ_10,17,ZJ_10_clip_17,0,0,0.5047093,0.49529073
1,ZJ_10,18,ZJ_10_clip_18,0,0,0.5627599,0.43724012
1,ZJ_10,19,ZJ_10_clip_19,0,0,0.53802115,0.4619789
1,ZJ_10,2,ZJ_10_clip_2,0,1,0.4285568,0.5714432
1,ZJ_10,20,ZJ_10_clip_20,0,1,0.37741986,0.6225802
1,ZJ_10,3,ZJ_10_clip_3,0,0,0.5141267,0.48587328
1,ZJ_10,4,ZJ_10_clip_4,0,0,0.54156107,0.4584389
1,ZJ_10,5,ZJ_10_clip_5,0,0,0.5301946,0.46980548
1,ZJ_10,6,ZJ_10_clip_6,0,0,0.6312211,0.36877885
1,ZJ_10,7,ZJ_10_clip_7,0,0,0.6183828,0.38161713
1,ZJ_10,8,ZJ_10_clip_8,0,0,0.5259028,0.47409725
1,ZJ_10,9,ZJ_10_clip_9,0,1,0.49421927,0.5057807
1,ZJ_11,1,ZJ_11_clip_1,0,0,0.50259715,0.49740282
1,ZJ_11,10,ZJ_11_clip_10,0,0,0.5406071,0.45939294
1,ZJ_11,11,ZJ_11_clip_11,0,0,0.5635726,0.43642735
1,ZJ_11,12,ZJ_11_clip_12,0,0,0.50014335,0.49985665
1,ZJ_11,13,ZJ_11_clip_13,0,0,0.5295169,0.47048315
1,ZJ_11,14,ZJ_11_clip_14,0,0,0.56190866,0.43809134
1,ZJ_11,15,ZJ_11_clip_15,0,1,0.4869439,0.5130561
1,ZJ_11,16,ZJ_11_clip_16,0,0,0.58807725,0.41192278
1,ZJ_11,17,ZJ_11_clip_17,0,1,0.4194743,0.5805257
1,ZJ_11,18,ZJ_11_clip_18,0,0,0.51136875,0.48863125
1,ZJ_11,19,ZJ_11_clip_19,0,1,0.47460836,0.52539164
1,ZJ_11,2,ZJ_11_clip_2,0,1,0.4239655,0.5760345
1,ZJ_11,20,ZJ_11_clip_20,0,1,0.331573,0.668427
1,ZJ_11,3,ZJ_11_clip_3,0,0,0.53699625,0.46300375
1,ZJ_11,4,ZJ_11_clip_4,0,0,0.5026926,0.4973074
1,ZJ_11,5,ZJ_11_clip_5,0,0,0.5138396,0.4861604
1,ZJ_11,6,ZJ_11_clip_6,0,0,0.6113951,0.38860482
1,ZJ_11,7,ZJ_11_clip_7,0,0,0.5517047,0.44829535
1,ZJ_11,8,ZJ_11_clip_8,0,0,0.592093,0.40790704
1,ZJ_11,9,ZJ_11_clip_9,0,0,0.52452266,0.4754773
1,ZJ_19,1,ZJ_19_clip_1,0,1,0.30207786,0.6979221
1,ZJ_19,10,ZJ_19_clip_10,0,1,0.3199785,0.6800215
1,ZJ_19,11,ZJ_19_clip_11,0,1,0.38344333,0.6165567
1,ZJ_19,12,ZJ_19_clip_12,0,1,0.29124403,0.70875597
1,ZJ_19,13,ZJ_19_clip_13,0,1,0.28225133,0.71774864
1,ZJ_19,14,ZJ_19_clip_14,0,1,0.33894047,0.6610595
1,ZJ_19,15,ZJ_19_clip_15,0,1,0.26799792,0.7320021
1,ZJ_19,16,ZJ_19_clip_16,0,1,0.37710536,0.62289464
1,ZJ_19,17,ZJ_19_clip_17,0,1,0.27373216,0.7262679
1,ZJ_19,18,ZJ_19_clip_18,0,1,0.32137942,0.6786206
1,ZJ_19,19,ZJ_19_clip_19,0,1,0.3129497,0.6870503
1,ZJ_19,2,ZJ_19_clip_2,0,1,0.18166223,0.8183378
1,ZJ_19,20,ZJ_19_clip_20,0,1,0.2487802,0.7512198
1,ZJ_19,3,ZJ_19_clip_3,0,1,0.30748302,0.692517
1,ZJ_19,4,ZJ_19_clip_4,0,1,0.29878014,0.70121986
1,ZJ_19,5,ZJ_19_clip_5,0,1,0.23761311,0.76238686
1,ZJ_19,6,ZJ_19_clip_6,0,1,0.3861074,0.6138926
1,ZJ_19,7,ZJ_19_clip_7,0,1,0.36234543,0.6376546
1,ZJ_19,8,ZJ_19_clip_8,0,1,0.3734983,0.62650174
1,ZJ_19,9,ZJ_19_clip_9,0,1,0.2896201,0.71037984
1,ZJ_20,1,ZJ_20_clip_1,0,0,0.62469906,0.37530088
1,ZJ_20,10,ZJ_20_clip_10,0,0,0.6338422,0.36615786
1,ZJ_20,11,ZJ_20_clip_11,0,0,0.6281411,0.37185895
1,ZJ_20,12,ZJ_20_clip_12,0,0,0.5955609,0.4044391
1,ZJ_20,13,ZJ_20_clip_13,0,0,0.5583105,0.4416895
1,ZJ_20,14,ZJ_20_clip_14,0,0,0.6357801,0.3642199
1,ZJ_20,15,ZJ_20_clip_15,0,0,0.59246635,0.40753362
1,ZJ_20,16,ZJ_20_clip_16,0,0,0.6535037,0.34649622
1,ZJ_20,17,ZJ_20_clip_17,0,0,0.57155985,0.42844018
1,ZJ_20,18,ZJ_20_clip_18,0,0,0.6230834,0.37691656
1,ZJ_20,19,ZJ_20_clip_19,0,0,0.57853425,0.42146575
1,ZJ_20,2,ZJ_20_clip_2,0,0,0.5146314,0.4853686
1,ZJ_20,20,ZJ_20_clip_20,0,1,0.38658515,0.6134149
1,ZJ_20,3,ZJ_20_clip_3,0,0,0.6063543,0.3936457
1,ZJ_20,4,ZJ_20_clip_4,0,0,0.6010865,0.3989135
1,ZJ_20,5,ZJ_20_clip_5,0,0,0.58560944,0.41439056
1,ZJ_20,6,ZJ_20_clip_6,0,0,0.63590103,0.36409894
1,ZJ_20,7,ZJ_20_clip_7,0,0,0.6478311,0.35216892
1,ZJ_20,8,ZJ_20_clip_8,0,0,0.583364,0.41663596
1,ZJ_20,9,ZJ_20_clip_9,0,0,0.60557264,0.39442736
1,ZJ_21,1,ZJ_21_clip_1,0,0,0.54340947,0.4565905
1,ZJ_21,10,ZJ_21_clip_10,0,0,0.56860757,0.4313924
1,ZJ_21,11,ZJ_21_clip_11,0,0,0.61687213,0.38312787
1,ZJ_21,12,ZJ_21_clip_12,0,0,0.5438569,0.4561431
1,ZJ_21,13,ZJ_21_clip_13,0,1,0.4907759,0.5092241
1,ZJ_21,14,ZJ_21_clip_14,0,0,0.5656855,0.4343145
1,ZJ_21,15,ZJ_21_clip_15,0,1,0.49076223,0.5092377
1,ZJ_21,16,ZJ_21_clip_16,0,0,0.58749604,0.412504
1,ZJ_21,17,ZJ_21_clip_17,0,0,0.51970994,0.48029003
1,ZJ_21,18,ZJ_21_clip_18,0,0,0.51536953,0.48463044
1,ZJ_21,19,ZJ_21_clip_19,0,1,0.49999222,0.5000078
1,ZJ_21,2,ZJ_21_clip_2,0,1,0.4318334,0.5681667
1,ZJ_21,20,ZJ_21_clip_20,0,1,0.3536231,0.64637685
1,ZJ_21,3,ZJ_21_clip_3,0,0,0.5359518,0.46404818
1,ZJ_21,4,ZJ_21_clip_4,0,0,0.5503112,0.4496888
1,ZJ_21,5,ZJ_21_clip_5,0,0,0.5298517,0.47014832
1,ZJ_21,6,ZJ_21_clip_6,0,0,0.6009547,0.39904532
1,ZJ_21,7,ZJ_21_clip_7,0,0,0.60933685,0.39066318
1,ZJ_21,8,ZJ_21_clip_8,0,0,0.632566,0.36743405
1,ZJ_21,9,ZJ_21_clip_9,0,0,0.5433421,0.45665792
1,ZJ_3,1,ZJ_3_clip_1,0,1,0.42744258,0.5725574
1,ZJ_3,10,ZJ_3_clip_10,0,1,0.37095487,0.6290451
1,ZJ_3,11,ZJ_3_clip_11,0,1,0.40078995,0.5992101
1,ZJ_3,12,ZJ_3_clip_12,0,1,0.35933492,0.64066505
1,ZJ_3,13,ZJ_3_clip_13,0,1,0.47327882,0.5267212
1,ZJ_3,14,ZJ_3_clip_14,0,1,0.34785643,0.6521436
1,ZJ_3,15,ZJ_3_clip_15,0,1,0.38690078,0.6130992
1,ZJ_3,16,ZJ_3_clip_16,0,0,0.56467897,0.435321
1,ZJ_3,17,ZJ_3_clip_17,0,1,0.21396048,0.7860396
1,ZJ_3,18,ZJ_3_clip_18,0,1,0.39444304,0.605557
1,ZJ_3,19,ZJ_3_clip_19,0,1,0.347721,0.652279
1,ZJ_3,2,ZJ_3_clip_2,0,1,0.33601025,0.6639898
1,ZJ_3,20,ZJ_3_clip_20,0,1,0.2608719,0.7391282
1,ZJ_3,3,ZJ_3_clip_3,0,1,0.40297574,0.59702426
1,ZJ_3,4,ZJ_3_clip_4,0,1,0.36141673,0.6385833
1,ZJ_3,5,ZJ_3_clip_5,0,1,0.35142034,0.6485796
1,ZJ_3,6,ZJ_3_clip_6,0,1,0.4194781,0.58052194
1,ZJ_3,7,ZJ_3_clip_7,0,1,0.44432968,0.5556703
1,ZJ_3,8,ZJ_3_clip_8,0,1,0.45933706,0.54066294
1,ZJ_3,9,ZJ_3_clip_9,0,1,0.42956305,0.5704369
1,ZJ_5,1,ZJ_5_clip_1,0,0,0.5244127,0.4755873
1,ZJ_5,10,ZJ_5_clip_10,0,0,0.52286464,0.47713533
1,ZJ_5,11,ZJ_5_clip_11,0,0,0.5526258,0.44737425
1,ZJ_5,12,ZJ_5_clip_12,0,0,0.54045546,0.4595445
1,ZJ_5,13,ZJ_5_clip_13,0,1,0.46225908,0.53774095
1,ZJ_5,14,ZJ_5_clip_14,0,1,0.48036936,0.5196307
1,ZJ_5,15,ZJ_5_clip_15,0,1,0.45544818,0.54455185
1,ZJ_5,16,ZJ_5_clip_16,0,0,0.52300763,0.47699243
1,ZJ_5,17,ZJ_5_clip_17,0,1,0.39327714,0.6067229
1,ZJ_5,18,ZJ_5_clip_18,0,1,0.45557454,0.5444254
1,ZJ_5,19,ZJ_5_clip_19,0,1,0.43814093,0.5618591
1,ZJ_5,2,ZJ_5_clip_2,0,1,0.38531166,0.6146884
1,ZJ_5,20,ZJ_5_clip_20,0,1,0.30690026,0.6930998
1,ZJ_5,3,ZJ_5_clip_3,0,0,0.50289714,0.49710283
1,ZJ_5,4,ZJ_5_clip_4,0,1,0.4484271,0.5515729
1,ZJ_5,5,ZJ_5_clip_5,0,1,0.45470962,0.54529035
1,ZJ_5,6,ZJ_5_clip_6,0,0,0.5295788,0.4704212
1,ZJ_5,7,ZJ_5_clip_7,0,1,0.45906493,0.5409351
1,ZJ_5,8,ZJ_5_clip_8,0,0,0.5206209,0.47937915
1,ZJ_5,9,ZJ_5_clip_9,0,1,0.49070132,0.5092987
2,BJ_17,1,BJ_17_clip_1,1,0,0.72493577,0.27506426
2,BJ_17,10,BJ_17_clip_10,1,0,0.7087679,0.29123217
2,BJ_17,11,BJ_17_clip_11,1,0,0.7662766,0.23372336
2,BJ_17,12,BJ_17_clip_12,1,0,0.6105402,0.38945973
2,BJ_17,13,BJ_17_clip_13,1,0,0.6423003,0.35769963
2,BJ_17,14,BJ_17_clip_14,1,0,0.7163698,0.28363016
2,BJ_17,15,BJ_17_clip_15,1,0,0.6058399,0.3941601
2,BJ_17,16,BJ_17_clip_16,1,0,0.76961356,0.23038642
2,BJ_17,17,BJ_17_clip_17,1,0,0.6039281,0.39607188
2,BJ_17,18,BJ_17_clip_18,1,0,0.67109776,0.32890224
2,BJ_17,19,BJ_17_clip_19,1,0,0.6329249,0.3670751
2,BJ_17,2,BJ_17_clip_2,1,0,0.57995963,0.4200404
2,BJ_17,20,BJ_17_clip_20,1,1,0.4115388,0.5884612
2,BJ_17,3,BJ_17_clip_3,1,0,0.69989395,0.3001061
2,BJ_17,4,BJ_17_clip_4,1,0,0.69026953,0.30973047
2,BJ_17,5,BJ_17_clip_5,1,0,0.6308609,0.36913908
2,BJ_17,6,BJ_17_clip_6,1,0,0.7890622,0.21093781
2,BJ_17,7,BJ_17_clip_7,1,0,0.80932647,0.19067357
2,BJ_17,8,BJ_17_clip_8,1,0,0.70691836,0.29308164
2,BJ_17,9,BJ_17_clip_9,1,0,0.6632382,0.3367618
2,BJ_19,1,BJ_19_clip_1,1,0,0.59851944,0.40148053
2,BJ_19,10,BJ_19_clip_10,1,0,0.67698145,0.32301852
2,BJ_19,11,BJ_19_clip_11,1,0,0.6207344,0.37926558
2,BJ_19,12,BJ_19_clip_12,1,0,0.501045,0.498955
2,BJ_19,13,BJ_19_clip_13,1,1,0.43800125,0.5619987
2,BJ_19,14,BJ_19_clip_14,1,1,0.48632118,0.51367885
2,BJ_19,15,BJ_19_clip_15,1,1,0.4048052,0.59519476
2,BJ_19,16,BJ_19_clip_16,1,0,0.5336557,0.46634427
2,BJ_19,17,BJ_19_clip_17,1,1,0.36454445,0.63545555
2,BJ_19,18,BJ_19_clip_18,1,1,0.38635406,0.613646
2,BJ_19,19,BJ_19_clip_19,1,1,0.43235928,0.5676407
2,BJ_19,2,BJ_19_clip_2,1,1,0.34138536,0.6586146
2,BJ_19,20,BJ_19_clip_20,1,1,0.38456777,0.6154322
2,BJ_19,3,BJ_19_clip_3,1,0,0.5572093,0.4427907
2,BJ_19,4,BJ_19_clip_4,1,1,0.4766717,0.52332836
2,BJ_19,5,BJ_19_clip_5,1,1,0.48749796,0.5125021
2,BJ_19,6,BJ_19_clip_6,1,0,0.6071909,0.3928091
2,BJ_19,7,BJ_19_clip_7,1,0,0.56330717,0.43669286
2,BJ_19,8,BJ_19_clip_8,1,0,0.5870559,0.41294405
2,BJ_19,9,BJ_19_clip_9,1,0,0.5423138,0.4576862
2,BJ_26,1,BJ_26_clip_1,1,0,0.65952337,0.3404766
2,BJ_26,10,BJ_26_clip_10,1,0,0.6720165,0.32798347
2,BJ_26,11,BJ_26_clip_11,1,0,0.67158747,0.3284125
2,BJ_26,12,BJ_26_clip_12,1,0,0.5797902,0.4202098
2,BJ_26,13,BJ_26_clip_13,1,0,0.5662769,0.4337231
2,BJ_26,14,BJ_26_clip_14,1,0,0.6736563,0.32634366
2,BJ_26,15,BJ_26_clip_15,1,0,0.5364308,0.46356925
2,BJ_26,16,BJ_26_clip_16,1,0,0.6267647,0.37323526
2,BJ_26,17,BJ_26_clip_17,1,1,0.4696841,0.5303159
2,BJ_26,18,BJ_26_clip_18,1,0,0.59643745,0.40356258
2,BJ_26,19,BJ_26_clip_19,1,1,0.49577853,0.5042215
2,BJ_26,2,BJ_26_clip_2,1,0,0.5830246,0.41697538
2,BJ_26,20,BJ_26_clip_20,1,1,0.32400265,0.6759974
2,BJ_26,3,BJ_26_clip_3,1,0,0.6362881,0.3637119
2,BJ_26,4,BJ_26_clip_4,1,0,0.6225687,0.37743127
2,BJ_26,5,BJ_26_clip_5,1,0,0.6240045,0.37599555
2,BJ_26,6,BJ_26_clip_6,1,0,0.7455213,0.25447866
2,BJ_26,7,BJ_26_clip_7,1,0,0.7582765,0.24172348
2,BJ_26,8,BJ_26_clip_8,1,0,0.690539,0.309461
2,BJ_26,9,BJ_26_clip_9,1,0,0.5482551,0.45174485
2,BJ_27,1,BJ_27_clip_1,1,0,0.5391404,0.46085963
2,BJ_27,10,BJ_27_clip_10,1,1,0.2647671,0.7352329
2,BJ_27,11,BJ_27_clip_11,1,0,0.50517756,0.49482244
2,BJ_27,12,BJ_27_clip_12,1,1,0.16143551,0.83856446
2,BJ_27,13,BJ_27_clip_13,1,1,0.23775536,0.76224464
2,BJ_27,14,BJ_27_clip_14,1,1,0.45875236,0.5412476
2,BJ_27,15,BJ_27_clip_15,1,1,0.36264014,0.63735986
2,BJ_27,16,BJ_27_clip_16,1,1,0.35936338,0.6406367
2,BJ_27,17,BJ_27_clip_17,1,1,0.32018515,0.6798149
2,BJ_27,18,BJ_27_clip_18,1,1,0.39219564,0.60780436
2,BJ_27,19,BJ_27_clip_19,1,1,0.2191184,0.7808816
2,BJ_27,2,BJ_27_clip_2,1,1,0.3803652,0.6196348
2,BJ_27,20,BJ_27_clip_20,1,1,0.20335022,0.7966498
2,BJ_27,3,BJ_27_clip_3,1,1,0.3381398,0.66186017
2,BJ_27,4,BJ_27_clip_4,1,1,0.35702232,0.64297765
2,BJ_27,5,BJ_27_clip_5,1,1,0.22477236,0.7752276
2,BJ_27,6,BJ_27_clip_6,1,1,0.4016278,0.5983722
2,BJ_27,7,BJ_27_clip_7,1,1,0.24228045,0.7577195
2,BJ_27,8,BJ_27_clip_8,1,1,0.19847864,0.80152136
2,BJ_27,9,BJ_27_clip_9,1,1,0.3165214,0.6834786
2,BJ_2,1,BJ_2_clip_1,1,0,0.7103478,0.28965223
2,BJ_2,10,BJ_2_clip_10,1,0,0.7196172,0.28038278
2,BJ_2,11,BJ_2_clip_11,1,0,0.7958455,0.20415454
2,BJ_2,12,BJ_2_clip_12,1,0,0.60499203,0.395008
2,BJ_2,13,BJ_2_clip_13,1,0,0.64968204,0.35031796
2,BJ_2,14,BJ_2_clip_14,1,0,0.72799975,0.27200022
2,BJ_2,15,BJ_2_clip_15,1,0,0.6086191,0.39138094
2,BJ_2,16,BJ_2_clip_16,1,0,0.7123341,0.2876659
2,BJ_2,17,BJ_2_clip_17,1,0,0.54917693,0.45082307
2,BJ_2,18,BJ_2_clip_18,1,0,0.7075652,0.29243478
2,BJ_2,19,BJ_2_clip_19,1,0,0.65513253,0.34486747
2,BJ_2,2,BJ_2_clip_2,1,0,0.6018221,0.39817786
2,BJ_2,20,BJ_2_clip_20,1,1,0.4647424,0.53525764
2,BJ_2,3,BJ_2_clip_3,1,0,0.6138705,0.3861295
2,BJ_2,4,BJ_2_clip_4,1,0,0.6936966,0.30630344
2,BJ_2,5,BJ_2_clip_5,1,0,0.6765482,0.32345185
2,BJ_2,6,BJ_2_clip_6,1,0,0.7928891,0.20711087
2,BJ_2,7,BJ_2_clip_7,1,0,0.7719852,0.22801481
2,BJ_2,8,BJ_2_clip_8,1,0,0.6012265,0.3987735
2,BJ_2,9,BJ_2_clip_9,1,0,0.65386003,0.34614
2,BJ_3,1,BJ_3_clip_1,1,0,0.6325321,0.3674679
2,BJ_3,10,BJ_3_clip_10,1,1,0.3298287,0.6701713
2,BJ_3,11,BJ_3_clip_11,1,0,0.62780815,0.37219188
2,BJ_3,12,BJ_3_clip_12,1,1,0.4751407,0.5248593
2,BJ_3,13,BJ_3_clip_13,1,0,0.54603916,0.45396084
2,BJ_3,14,BJ_3_clip_14,1,1,0.37454468,0.6254553
2,BJ_3,15,BJ_3_clip_15,1,1,0.49663895,0.50336105
2,BJ_3,16,BJ_3_clip_16,1,0,0.6635885,0.33641145
2,BJ_3,17,BJ_3_clip_17,1,0,0.5020935,0.49790645
2,BJ_3,18,BJ_3_clip_18,1,1,0.45511547,0.54488456
2,BJ_3,19,BJ_3_clip_19,1,1,0.38387662,0.6161233
2,BJ_3,2,BJ_3_clip_2,1,1,0.27508128,0.7249187
2,BJ_3,20,BJ_3_clip_20,1,1,0.28307953,0.7169205
2,BJ_3,3,BJ_3_clip_3,1,0,0.55328935,0.44671068
2,BJ_3,4,BJ_3_clip_4,1,1,0.43888906,0.5611109
2,BJ_3,5,BJ_3_clip_5,1,1,0.42548153,0.5745185
2,BJ_3,6,BJ_3_clip_6,1,1,0.36697075,0.6330293
2,BJ_3,7,BJ_3_clip_7,1,0,0.50769293,0.49230707
2,BJ_3,8,BJ_3_clip_8,1,1,0.31455755,0.68544245
2,BJ_3,9,BJ_3_clip_9,1,1,0.45578563,0.5442144
2,BJ_4,1,BJ_4_clip_1,1,1,0.489638,0.510362
2,BJ_4,10,BJ_4_clip_10,1,0,0.5393071,0.46069288
2,BJ_4,11,BJ_4_clip_11,1,0,0.6988843,0.30111572
2,BJ_4,12,BJ_4_clip_12,1,0,0.54471856,0.4552814
2,BJ_4,13,BJ_4_clip_13,1,1,0.29996327,0.7000367
2,BJ_4,14,BJ_4_clip_14,1,1,0.46650612,0.5334938
2,BJ_4,15,BJ_4_clip_15,1,1,0.47421613,0.52578384
2,BJ_4,16,BJ_4_clip_16,1,0,0.5302817,0.46971828
2,BJ_4,17,BJ_4_clip_17,1,0,0.51612604,0.48387396
2,BJ_4,18,BJ_4_clip_18,1,1,0.47080395,0.5291961
2,BJ_4,19,BJ_4_clip_19,1,1,0.25505733,0.74494267
2,BJ_4,2,BJ_4_clip_2,1,1,0.2824546,0.7175454
2,BJ_4,20,BJ_4_clip_20,1,1,0.26908776,0.7309122
2,BJ_4,3,BJ_4_clip_3,1,1,0.35191402,0.648086
2,BJ_4,4,BJ_4_clip_4,1,1,0.407925,0.59207493
2,BJ_4,5,BJ_4_clip_5,1,1,0.48367536,0.5163246
2,BJ_4,6,BJ_4_clip_6,1,0,0.7084293,0.29157072
2,BJ_4,7,BJ_4_clip_7,1,0,0.58398193,0.41601807
2,BJ_4,8,BJ_4_clip_8,1,1,0.49133164,0.50866836
2,BJ_4,9,BJ_4_clip_9,1,1,0.45481575,0.54518425
2,BJ_5,1,BJ_5_clip_1,1,0,0.65093386,0.3490661
2,BJ_5,10,BJ_5_clip_10,1,0,0.5231637,0.47683632
2,BJ_5,11,BJ_5_clip_11,1,0,0.6479839,0.35201603
2,BJ_5,12,BJ_5_clip_12,1,1,0.49839866,0.50160134
2,BJ_5,13,BJ_5_clip_13,1,0,0.51296264,0.48703736
2,BJ_5,14,BJ_5_clip_14,1,1,0.45866528,0.54133475
2,BJ_5,15,BJ_5_clip_15,1,0,0.5218994,0.47810063
2,BJ_5,16,BJ_5_clip_16,1,0,0.6647264,0.33527365
2,BJ_5,17,BJ_5_clip_17,1,1,0.43114114,0.56885886
2,BJ_5,18,BJ_5_clip_18,1,0,0.5844393,0.4155607
2,BJ_5,19,BJ_5_clip_19,1,0,0.5194572,0.48054275
2,BJ_5,2,BJ_5_clip_2,1,1,0.45927945,0.5407206
2,BJ_5,20,BJ_5_clip_20,1,1,0.3443965,0.65560347
2,BJ_5,3,BJ_5_clip_3,1,0,0.60818994,0.39181003
2,BJ_5,4,BJ_5_clip_4,1,0,0.51769894,0.48230112
2,BJ_5,5,BJ_5_clip_5,1,1,0.4949997,0.5050003
2,BJ_5,6,BJ_5_clip_6,1,0,0.57951444,0.42048556
2,BJ_5,7,BJ_5_clip_7,1,0,0.6700238,0.32997626
2,BJ_5,8,BJ_5_clip_8,1,0,0.6065757,0.39342427
2,BJ_5,9,BJ_5_clip_9,1,0,0.5271898,0.47281018
2,BJ_7,1,BJ_7_clip_1,1,0,0.6783181,0.3216819
2,BJ_7,10,BJ_7_clip_10,1,1,0.47175694,0.52824306
2,BJ_7,11,BJ_7_clip_11,1,0,0.62765217,0.37234786
2,BJ_7,12,BJ_7_clip_12,1,0,0.51097107,0.48902896
2,BJ_7,13,BJ_7_clip_13,1,0,0.5534885,0.4465115
2,BJ_7,14,BJ_7_clip_14,1,0,0.6386562,0.3613438
2,BJ_7,15,BJ_7_clip_15,1,0,0.5235952,0.4764048
2,BJ_7,16,BJ_7_clip_16,1,0,0.679583,0.32041702
2,BJ_7,17,BJ_7_clip_17,1,1,0.4823389,0.5176611
2,BJ_7,18,BJ_7_clip_18,1,0,0.5814047,0.4185953
2,BJ_7,19,BJ_7_clip_19,1,1,0.45722824,0.54277176
2,BJ_7,2,BJ_7_clip_2,1,1,0.47368652,0.5263134
2,BJ_7,20,BJ_7_clip_20,1,1,0.44649875,0.55350125
2,BJ_7,3,BJ_7_clip_3,1,0,0.5838748,0.41612518
2,BJ_7,4,BJ_7_clip_4,1,0,0.60804325,0.39195675
2,BJ_7,5,BJ_7_clip_5,1,1,0.3631783,0.6368217
2,BJ_7,6,BJ_7_clip_6,1,0,0.6581322,0.34186783
2,BJ_7,7,BJ_7_clip_7,1,0,0.6532392,0.3467608
2,BJ_7,8,BJ_7_clip_8,1,0,0.62237483,0.37762514
2,BJ_7,9,BJ_7_clip_9,1,0,0.55122656,0.44877344
2,ZJ_13,1,ZJ_13_clip_1,0,0,0.5009122,0.4990878
2,ZJ_13,10,ZJ_13_clip_10,0,1,0.49641752,0.5035825
2,ZJ_13,11,ZJ_13_clip_11,0,1,0.49400702,0.50599295
2,ZJ_13,12,ZJ_13_clip_12,0,1,0.49010542,0.50989455
2,ZJ_13,13,ZJ_13_clip_13,0,0,0.5068979,0.49310204
2,ZJ_13,14,ZJ_13_clip_14,0,0,0.58629584,0.41370416
2,ZJ_13,15,ZJ_13_clip_15,0,1,0.49886853,0.5011315
2,ZJ_13,16,ZJ_13_clip_16,0,0,0.63681865,0.36318132
2,ZJ_13,17,ZJ_13_clip_17,0,1,0.4708743,0.5291257
2,ZJ_13,18,ZJ_13_clip_18,0,0,0.50527364,0.49472633
2,ZJ_13,19,ZJ_13_clip_19,0,1,0.48216027,0.5178397
2,ZJ_13,2,ZJ_13_clip_2,0,1,0.42302364,0.5769764
2,ZJ_13,20,ZJ_13_clip_20,0,1,0.36419764,0.6358024
2,ZJ_13,3,ZJ_13_clip_3,0,0,0.5518531,0.4481469
2,ZJ_13,4,ZJ_13_clip_4,0,1,0.47995502,0.52004504
2,ZJ_13,5,ZJ_13_clip_5,0,0,0.5528939,0.44710612
2,ZJ_13,6,ZJ_13_clip_6,0,0,0.71222603,0.28777403
2,ZJ_13,7,ZJ_13_clip_7,0,0,0.62022907,0.37977096
2,ZJ_13,8,ZJ_13_clip_8,0,0,0.6054361,0.39456385
2,ZJ_13,9,ZJ_13_clip_9,0,1,0.49681178,0.50318825
2,ZJ_17,1,ZJ_17_clip_1,0,0,0.60352415,0.39647585
2,ZJ_17,10,ZJ_17_clip_10,0,0,0.6081928,0.3918072
2,ZJ_17,11,ZJ_17_clip_11,0,0,0.72506714,0.27493286
2,ZJ_17,12,ZJ_17_clip_12,0,0,0.53472805,0.46527198
2,ZJ_17,13,ZJ_17_clip_13,0,0,0.5845737,0.41542634
2,ZJ_17,14,ZJ_17_clip_14,0,0,0.59757525,0.40242475
2,ZJ_17,15,ZJ_17_clip_15,0,0,0.5424239,0.45757613
2,ZJ_17,16,ZJ_17_clip_16,0,0,0.62095153,0.37904847
2,ZJ_17,17,ZJ_17_clip_17,0,0,0.54198337,0.4580167
2,ZJ_17,18,ZJ_17_clip_18,0,1,0.4960273,0.5039727
2,ZJ_17,19,ZJ_17_clip_19,0,0,0.5133172,0.48668274
2,ZJ_17,2,ZJ_17_clip_2,0,1,0.46466526,0.5353347
2,ZJ_17,20,ZJ_17_clip_20,0,1,0.33587274,0.66412723
2,ZJ_17,3,ZJ_17_clip_3,0,0,0.55949736,0.44050258
2,ZJ_17,4,ZJ_17_clip_4,0,0,0.50822085,0.49177915
2,ZJ_17,5,ZJ_17_clip_5,0,0,0.5137434,0.48625654
2,ZJ_17,6,ZJ_17_clip_6,0,0,0.63712347,0.3628765
2,ZJ_17,7,ZJ_17_clip_7,0,0,0.67437005,0.32562995
2,ZJ_17,8,ZJ_17_clip_8,0,0,0.589168,0.410832
2,ZJ_17,9,ZJ_17_clip_9,0,0,0.5249184,0.4750816
2,ZJ_18,1,ZJ_18_clip_1,0,0,0.5899104,0.41008967
2,ZJ_18,10,ZJ_18_clip_10,0,0,0.61593926,0.38406074
2,ZJ_18,11,ZJ_18_clip_11,0,0,0.67300814,0.32699183
2,ZJ_18,12,ZJ_18_clip_12,0,0,0.59648186,0.40351814
2,ZJ_18,13,ZJ_18_clip_13,0,0,0.6151306,0.3848694
2,ZJ_18,14,ZJ_18_clip_14,0,0,0.6682174,0.33178255
2,ZJ_18,15,ZJ_18_clip_15,0,0,0.55279565,0.44720432
2,ZJ_18,16,ZJ_18_clip_16,0,0,0.61731553,0.38268447
2,ZJ_18,17,ZJ_18_clip_17,0,1,0.47910425,0.5208958
2,ZJ_18,18,ZJ_18_clip_18,0,0,0.5363238,0.4636762
2,ZJ_18,19,ZJ_18_clip_19,0,0,0.5643735,0.4356265
2,ZJ_18,2,ZJ_18_clip_2,0,0,0.5195756,0.48042446
2,ZJ_18,20,ZJ_18_clip_20,0,1,0.42145532,0.5785446
2,ZJ_18,3,ZJ_18_clip_3,0,0,0.5152354,0.48476458
2,ZJ_18,4,ZJ_18_clip_4,0,0,0.5570576,0.4429424
2,ZJ_18,5,ZJ_18_clip_5,0,0,0.5533901,0.44660994
2,ZJ_18,6,ZJ_18_clip_6,0,0,0.6065266,0.3934734
2,ZJ_18,7,ZJ_18_clip_7,0,0,0.73111635,0.2688837
2,ZJ_18,8,ZJ_18_clip_8,0,0,0.64439,0.35561007
2,ZJ_18,9,ZJ_18_clip_9,0,0,0.58926874,0.41073123
2,ZJ_2,1,ZJ_2_clip_1,0,1,0.48393393,0.516066
2,ZJ_2,10,ZJ_2_clip_10,0,1,0.380211,0.61978894
2,ZJ_2,11,ZJ_2_clip_11,0,0,0.5609073,0.43909264
2,ZJ_2,12,ZJ_2_clip_12,0,0,0.6235267,0.37647334
2,ZJ_2,13,ZJ_2_clip_13,0,0,0.61690086,0.38309914
2,ZJ_2,14,ZJ_2_clip_14,0,0,0.65583014,0.34416983
2,ZJ_2,15,ZJ_2_clip_15,0,1,0.38117352,0.6188265
2,ZJ_2,16,ZJ_2_clip_16,0,0,0.6558628,0.3441372
2,ZJ_2,17,ZJ_2_clip_17,0,0,0.6216308,0.3783692
2,ZJ_2,18,ZJ_2_clip_18,0,0,0.513904,0.48609596
2,ZJ_2,19,ZJ_2_clip_19,0,1,0.42337734,0.57662266
2,ZJ_2,2,ZJ_2_clip_2,0,1,0.49582413,0.50417584
2,ZJ_2,20,ZJ_2_clip_20,0,1,0.4357802,0.56421983
2,ZJ_2,3,ZJ_2_clip_3,0,0,0.56252223,0.4374778
2,ZJ_2,4,ZJ_2_clip_4,0,0,0.5037574,0.49624258
2,ZJ_2,5,ZJ_2_clip_5,0,1,0.42471674,0.5752833
2,ZJ_2,6,ZJ_2_clip_6,0,0,0.67831844,0.32168153
2,ZJ_2,7,ZJ_2_clip_7,0,0,0.69104433,0.30895567
2,ZJ_2,8,ZJ_2_clip_8,0,0,0.6702347,0.32976535
2,ZJ_2,9,ZJ_2_clip_9,0,0,0.6450958,0.35490415
2,ZJ_6,1,ZJ_6_clip_1,0,0,0.68286085,0.31713912
2,ZJ_6,10,ZJ_6_clip_10,0,0,0.727738,0.27226195
2,ZJ_6,11,ZJ_6_clip_11,0,0,0.80171025,0.19828977
2,ZJ_6,12,ZJ_6_clip_12,0,0,0.6090596,0.39094046
2,ZJ_6,13,ZJ_6_clip_13,0,0,0.65399384,0.3460061
2,ZJ_6,14,ZJ_6_clip_14,0,0,0.77760625,0.22239374
2,ZJ_6,15,ZJ_6_clip_15,0,0,0.6849922,0.31500784
2,ZJ_6,16,ZJ_6_clip_16,0,0,0.76071703,0.23928295
2,ZJ_6,17,ZJ_6_clip_17,0,0,0.6118092,0.38819078
2,ZJ_6,18,ZJ_6_clip_18,0,0,0.6996855,0.30031452
2,ZJ_6,19,ZJ_6_clip_19,0,0,0.6786408,0.32135928
2,ZJ_6,2,ZJ_6_clip_2,0,0,0.6027125,0.3972875
2,ZJ_6,20,ZJ_6_clip_20,0,1,0.47025347,0.52974653
2,ZJ_6,3,ZJ_6_clip_3,0,0,0.704378,0.29562202
2,ZJ_6,4,ZJ_6_clip_4,0,0,0.68885237,0.31114763
2,ZJ_6,5,ZJ_6_clip_5,0,0,0.61761975,0.38238025
2,ZJ_6,6,ZJ_6_clip_6,0,0,0.7609384,0.23906162
2,ZJ_6,7,ZJ_6_clip_7,0,0,0.8013451,0.19865492
2,ZJ_6,8,ZJ_6_clip_8,0,0,0.74452543,0.25547463
2,ZJ_6,9,ZJ_6_clip_9,0,0,0.70849216,0.29150784
2,ZJ_8,1,ZJ_8_clip_1,0,0,0.65115,0.34884995
2,ZJ_8,10,ZJ_8_clip_10,0,0,0.67463255,0.32536745
2,ZJ_8,11,ZJ_8_clip_11,0,0,0.7516543,0.24834569
2,ZJ_8,12,ZJ_8_clip_12,0,0,0.68253523,0.31746477
2,ZJ_8,13,ZJ_8_clip_13,0,0,0.55078787,0.4492121
2,ZJ_8,14,ZJ_8_clip_14,0,0,0.64603776,0.35396227
2,ZJ_8,15,ZJ_8_clip_15,0,0,0.6031488,0.39685124
2,ZJ_8,16,ZJ_8_clip_16,0,0,0.67972296,0.32027704
2,ZJ_8,17,ZJ_8_clip_17,0,0,0.5500822,0.4499178
2,ZJ_8,18,ZJ_8_clip_18,0,0,0.538486,0.46151397
2,ZJ_8,19,ZJ_8_clip_19,0,0,0.5224223,0.47757775
2,ZJ_8,2,ZJ_8_clip_2,0,1,0.48058686,0.5194132
2,ZJ_8,20,ZJ_8_clip_20,0,1,0.44290587,0.5570941
2,ZJ_8,3,ZJ_8_clip_3,0,0,0.6287821,0.37121797
2,ZJ_8,4,ZJ_8_clip_4,0,0,0.58244693,0.4175531
2,ZJ_8,5,ZJ_8_clip_5,0,0,0.56680334,0.4331966
2,ZJ_8,6,ZJ_8_clip_6,0,0,0.6967192,0.3032808
2,ZJ_8,7,ZJ_8_clip_7,0,0,0.73588413,0.26411593
2,ZJ_8,8,ZJ_8_clip_8,0,0,0.6676226,0.33237737
2,ZJ_8,9,ZJ_8_clip_9,0,0,0.54962134,0.45037866
2,ZJ_9,1,ZJ_9_clip_1,0,0,0.599354,0.40064594
2,ZJ_9,10,ZJ_9_clip_10,0,0,0.61299753,0.3870025
2,ZJ_9,11,ZJ_9_clip_11,0,0,0.6301078,0.36989215
2,ZJ_9,12,ZJ_9_clip_12,0,1,0.4979308,0.50206923
2,ZJ_9,13,ZJ_9_clip_13,0,0,0.5232431,0.47675684
2,ZJ_9,14,ZJ_9_clip_14,0,0,0.6294392,0.3705608
2,ZJ_9,15,ZJ_9_clip_15,0,0,0.5299795,0.47002044
2,ZJ_9,16,ZJ_9_clip_16,0,1,0.48310664,0.5168934
2,ZJ_9,17,ZJ_9_clip_17,0,1,0.43732417,0.56267583
2,ZJ_9,18,ZJ_9_clip_18,0,0,0.5353458,0.46465424
2,ZJ_9,19,ZJ_9_clip_19,0,0,0.53591746,0.46408257
2,ZJ_9,2,ZJ_9_clip_2,0,1,0.4451549,0.5548451
2,ZJ_9,20,ZJ_9_clip_20,0,1,0.3644436,0.63555634
2,ZJ_9,3,ZJ_9_clip_3,0,0,0.5166281,0.48337188
2,ZJ_9,4,ZJ_9_clip_4,0,0,0.6090824,0.39091763
2,ZJ_9,5,ZJ_9_clip_5,0,0,0.56444883,0.43555114
2,ZJ_9,6,ZJ_9_clip_6,0,0,0.6799812,0.3200189
2,ZJ_9,7,ZJ_9_clip_7,0,0,0.69784147,0.3021585
2,ZJ_9,8,ZJ_9_clip_8,0,0,0.62224483,0.3777552
2,ZJ_9,9,ZJ_9_clip_9,0,0,0.63025033,0.36974964
3,BJ_10,1,BJ_10_clip_1,1,1,0.37460488,0.62539506
3,BJ_10,10,BJ_10_clip_10,1,1,0.38676956,0.61323047
3,BJ_10,11,BJ_10_clip_11,1,1,0.38272768,0.6172724
3,BJ_10,12,BJ_10_clip_12,1,1,0.37957546,0.62042457
3,BJ_10,13,BJ_10_clip_13,1,1,0.3818905,0.6181095
3,BJ_10,14,BJ_10_clip_14,1,1,0.38648403,0.613516
3,BJ_10,15,BJ_10_clip_15,1,1,0.38150615,0.61849385
3,BJ_10,16,BJ_10_clip_16,1,1,0.38283533,0.6171647
3,BJ_10,17,BJ_10_clip_17,1,1,0.37714255,0.62285745
3,BJ_10,18,BJ_10_clip_18,1,1,0.37977597,0.620224
3,BJ_10,19,BJ_10_clip_19,1,1,0.37095988,0.62904006
3,BJ_10,2,BJ_10_clip_2,1,1,0.37460235,0.6253976
3,BJ_10,20,BJ_10_clip_20,1,1,0.37874803,0.62125194
3,BJ_10,3,BJ_10_clip_3,1,1,0.38233107,0.617669
3,BJ_10,4,BJ_10_clip_4,1,1,0.3777977,0.62220234
3,BJ_10,5,BJ_10_clip_5,1,1,0.37460512,0.6253949
3,BJ_10,6,BJ_10_clip_6,1,1,0.38450256,0.6154974
3,BJ_10,7,BJ_10_clip_7,1,1,0.387887,0.612113
3,BJ_10,8,BJ_10_clip_8,1,1,0.3876489,0.6123511
3,BJ_10,9,BJ_10_clip_9,1,1,0.3815096,0.6184904
3,BJ_11,1,BJ_11_clip_1,1,1,0.38075545,0.6192445
3,BJ_11,10,BJ_11_clip_10,1,1,0.38338664,0.6166134
3,BJ_11,11,BJ_11_clip_11,1,1,0.38136154,0.6186385
3,BJ_11,12,BJ_11_clip_12,1,1,0.37997445,0.6200255
3,BJ_11,13,BJ_11_clip_13,1,1,0.37572533,0.6242747
3,BJ_11,14,BJ_11_clip_14,1,1,0.3800831,0.61991686
3,BJ_11,15,BJ_11_clip_15,1,1,0.37775525,0.6222447
3,BJ_11,16,BJ_11_clip_16,1,1,0.38052753,0.61947244
3,BJ_11,17,BJ_11_clip_17,1,1,0.37436008,0.6256399
3,BJ_11,18,BJ_11_clip_18,1,1,0.3709226,0.6290774
3,BJ_11,19,BJ_11_clip_19,1,1,0.37948668,0.6205133
3,BJ_11,2,BJ_11_clip_2,1,1,0.3770796,0.6229204
3,BJ_11,20,BJ_11_clip_20,1,1,0.37606606,0.6239339
3,BJ_11,3,BJ_11_clip_3,1,1,0.37756953,0.6224305
3,BJ_11,4,BJ_11_clip_4,1,1,0.38015243,0.6198476
3,BJ_11,5,BJ_11_clip_5,1,1,0.38004658,0.6199534
3,BJ_11,6,BJ_11_clip_6,1,1,0.383952,0.616048
3,BJ_11,7,BJ_11_clip_7,1,1,0.37460545,0.6253945
3,BJ_11,8,BJ_11_clip_8,1,1,0.3804499,0.6195501
3,BJ_11,9,BJ_11_clip_9,1,1,0.38088664,0.6191133
3,BJ_12,1,BJ_12_clip_1,1,1,0.37996292,0.6200371
3,BJ_12,10,BJ_12_clip_10,1,1,0.38080078,0.6191993
3,BJ_12,11,BJ_12_clip_11,1,1,0.38052252,0.61947745
3,BJ_12,12,BJ_12_clip_12,1,1,0.37797052,0.6220295
3,BJ_12,13,BJ_12_clip_13,1,1,0.3800197,0.6199803
3,BJ_12,14,BJ_12_clip_14,1,1,0.3793147,0.62068534
3,BJ_12,15,BJ_12_clip_15,1,1,0.3796175,0.6203825
3,BJ_12,16,BJ_12_clip_16,1,1,0.3829262,0.6170738
3,BJ_12,17,BJ_12_clip_17,1,1,0.37992036,0.6200796
3,BJ_12,18,BJ_12_clip_18,1,1,0.37820083,0.6217992
3,BJ_12,19,BJ_12_clip_19,1,1,0.37595326,0.6240468
3,BJ_12,2,BJ_12_clip_2,1,1,0.37640706,0.6235929
3,BJ_12,20,BJ_12_clip_20,1,1,0.3771693,0.62283075
3,BJ_12,3,BJ_12_clip_3,1,1,0.37594303,0.62405694
3,BJ_12,4,BJ_12_clip_4,1,1,0.3771628,0.6228372
3,BJ_12,5,BJ_12_clip_5,1,1,0.38095066,0.6190494
3,BJ_12,6,BJ_12_clip_6,1,1,0.38336724,0.61663276
3,BJ_12,7,BJ_12_clip_7,1,1,0.37871066,0.6212894
3,BJ_12,8,BJ_12_clip_8,1,1,0.38189498,0.61810505
3,BJ_12,9,BJ_12_clip_9,1,1,0.3782519,0.6217481
3,BJ_13,1,BJ_13_clip_1,1,1,0.3829616,0.61703837
3,BJ_13,10,BJ_13_clip_10,1,1,0.38431507,0.61568487
3,BJ_13,11,BJ_13_clip_11,1,1,0.38311243,0.6168876
3,BJ_13,12,BJ_13_clip_12,1,1,0.38290432,0.6170957
3,BJ_13,13,BJ_13_clip_13,1,1,0.38013312,0.6198669
3,BJ_13,14,BJ_13_clip_14,1,1,0.3845038,0.61549616
3,BJ_13,15,BJ_13_clip_15,1,1,0.38284612,0.6171538
3,BJ_13,16,BJ_13_clip_16,1,1,0.38139606,0.6186039
3,BJ_13,17,BJ_13_clip_17,1,1,0.382368,0.617632
3,BJ_13,18,BJ_13_clip_18,1,1,0.38235974,0.61764026
3,BJ_13,19,BJ_13_clip_19,1,1,0.37820426,0.6217958
3,BJ_13,2,BJ_13_clip_2,1,1,0.38072,0.61928004
3,BJ_13,20,BJ_13_clip_20,1,1,0.37705055,0.6229495
3,BJ_13,3,BJ_13_clip_3,1,1,0.3819325,0.61806756
3,BJ_13,4,BJ_13_clip_4,1,1,0.38294926,0.61705077
3,BJ_13,5,BJ_13_clip_5,1,1,0.38404047,0.61595947
3,BJ_13,6,BJ_13_clip_6,1,1,0.38448855,0.6155115
3,BJ_13,7,BJ_13_clip_7,1,1,0.3864729,0.6135271
3,BJ_13,8,BJ_13_clip_8,1,1,0.38477194,0.6152281
3,BJ_13,9,BJ_13_clip_9,1,1,0.3826072,0.6173928
3,BJ_1,1,BJ_1_clip_1,1,1,0.38074726,0.61925274
3,BJ_1,10,BJ_1_clip_10,1,1,0.37909362,0.6209064
3,BJ_1,11,BJ_1_clip_11,1,1,0.37639365,0.6236064
3,BJ_1,12,BJ_1_clip_12,1,1,0.37558585,0.62441415
3,BJ_1,13,BJ_1_clip_13,1,1,0.37691832,0.6230816
3,BJ_1,14,BJ_1_clip_14,1,1,0.37649223,0.62350774
3,BJ_1,15,BJ_1_clip_15,1,1,0.37545678,0.6245432
3,BJ_1,16,BJ_1_clip_16,1,1,0.3789649,0.6210351
3,BJ_1,17,BJ_1_clip_17,1,1,0.37731865,0.6226814
3,BJ_1,18,BJ_1_clip_18,1,1,0.3768458,0.6231542
3,BJ_1,19,BJ_1_clip_19,1,1,0.37810683,0.6218932
3,BJ_1,2,BJ_1_clip_2,1,1,0.37654108,0.623459
3,BJ_1,20,BJ_1_clip_20,1,1,0.37725484,0.62274516
3,BJ_1,3,BJ_1_clip_3,1,1,0.37823766,0.62176234
3,BJ_1,4,BJ_1_clip_4,1,1,0.37838602,0.621614
3,BJ_1,5,BJ_1_clip_5,1,1,0.37838703,0.6216129
3,BJ_1,6,BJ_1_clip_6,1,1,0.3821959,0.6178041
3,BJ_1,7,BJ_1_clip_7,1,1,0.38029945,0.61970055
3,BJ_1,8,BJ_1_clip_8,1,1,0.37819356,0.62180644
3,BJ_1,9,BJ_1_clip_9,1,1,0.37840357,0.62159646
3,BJ_20,1,BJ_20_clip_1,1,1,0.38341302,0.616587
3,BJ_20,10,BJ_20_clip_10,1,1,0.38258284,0.61741716
3,BJ_20,11,BJ_20_clip_11,1,1,0.38354233,0.61645764
3,BJ_20,12,BJ_20_clip_12,1,1,0.3805151,0.61948496
3,BJ_20,13,BJ_20_clip_13,1,1,0.38090727,0.61909276
3,BJ_20,14,BJ_20_clip_14,1,1,0.3839407,0.6160593
3,BJ_20,15,BJ_20_clip_15,1,1,0.37829396,0.621706
3,BJ_20,16,BJ_20_clip_16,1,1,0.38470587,0.6152941
3,BJ_20,17,BJ_20_clip_17,1,1,0.3791637,0.62083626
3,BJ_20,18,BJ_20_clip_18,1,1,0.3807116,0.6192884
3,BJ_20,19,BJ_20_clip_19,1,1,0.38090524,0.6190948
3,BJ_20,2,BJ_20_clip_2,1,1,0.37812334,0.62187666
3,BJ_20,20,BJ_20_clip_20,1,1,0.377997,0.622003
3,BJ_20,3,BJ_20_clip_3,1,1,0.38221163,0.6177883
3,BJ_20,4,BJ_20_clip_4,1,1,0.38093168,0.6190683
3,BJ_20,5,BJ_20_clip_5,1,1,0.38020378,0.6197962
3,BJ_20,6,BJ_20_clip_6,1,1,0.383498,0.616502
3,BJ_20,7,BJ_20_clip_7,1,1,0.38614756,0.61385244
3,BJ_20,8,BJ_20_clip_8,1,1,0.38363603,0.616364
3,BJ_20,9,BJ_20_clip_9,1,1,0.38021424,0.6197857
3,BJ_23,1,BJ_23_clip_1,1,1,0.38357264,0.6164274
3,BJ_23,10,BJ_23_clip_10,1,1,0.38122484,0.6187751
3,BJ_23,11,BJ_23_clip_11,1,1,0.3836776,0.6163224
3,BJ_23,12,BJ_23_clip_12,1,1,0.38130134,0.6186986
3,BJ_23,13,BJ_23_clip_13,1,1,0.37933925,0.6206607
3,BJ_23,14,BJ_23_clip_14,1,1,0.38116932,0.6188307
3,BJ_23,15,BJ_23_clip_15,1,1,0.38126424,0.6187358
3,BJ_23,16,BJ_23_clip_16,1,1,0.3812524,0.61874753
3,BJ_23,17,BJ_23_clip_17,1,1,0.3800309,0.61996907
3,BJ_23,18,BJ_23_clip_18,1,1,0.38266763,0.61733234
3,BJ_23,19,BJ_23_clip_19,1,1,0.37841362,0.6215864
3,BJ_23,2,BJ_23_clip_2,1,1,0.37837964,0.6216204
3,BJ_23,20,BJ_23_clip_20,1,1,0.3780483,0.6219517
3,BJ_23,3,BJ_23_clip_3,1,1,0.381447,0.618553
3,BJ_23,4,BJ_23_clip_4,1,1,0.38070443,0.61929554
3,BJ_23,5,BJ_23_clip_5,1,1,0.37978607,0.6202139
3,BJ_23,6,BJ_23_clip_6,1,1,0.38202336,0.61797667
3,BJ_23,7,BJ_23_clip_7,1,1,0.38297465,0.6170254
3,BJ_23,8,BJ_23_clip_8,1,1,0.38103282,0.6189672
3,BJ_23,9,BJ_23_clip_9,1,1,0.3803944,0.6196056
3,BJ_25,1,BJ_25_clip_1,1,1,0.38030595,0.61969405
3,BJ_25,10,BJ_25_clip_10,1,1,0.38122818,0.61877185
3,BJ_25,11,BJ_25_clip_11,1,1,0.3834705,0.6165295
3,BJ_25,12,BJ_25_clip_12,1,1,0.37926215,0.62073785
3,BJ_25,13,BJ_25_clip_13,1,1,0.38131246,0.6186875
3,BJ_25,14,BJ_25_clip_14,1,1,0.38301134,0.6169886
3,BJ_25,15,BJ_25_clip_15,1,1,0.38172787,0.6182721
3,BJ_25,16,BJ_25_clip_16,1,1,0.38403314,0.61596686
3,BJ_25,17,BJ_25_clip_17,1,1,0.37979934,0.62020063
3,BJ_25,18,BJ_25_clip_18,1,1,0.3792917,0.6207083
3,BJ_25,19,BJ_25_clip_19,1,1,0.3780114,0.62198853
3,BJ_25,2,BJ_25_clip_2,1,1,0.37927246,0.6207276
3,BJ_25,20,BJ_25_clip_20,1,1,0.377953,0.622047
3,BJ_25,3,BJ_25_clip_3,1,1,0.3815062,0.6184938
3,BJ_25,4,BJ_25_clip_4,1,1,0.38149035,0.61850965
3,BJ_25,5,BJ_25_clip_5,1,1,0.37905443,0.6209456
3,BJ_25,6,BJ_25_clip_6,1,1,0.38470092,0.6152991
3,BJ_25,7,BJ_25_clip_7,1,1,0.3824445,0.6175555
3,BJ_25,8,BJ_25_clip_8,1,1,0.3825668,0.6174332
3,BJ_25,9,BJ_25_clip_9,1,1,0.37932152,0.62067854
3,BJ_9,1,BJ_9_clip_1,1,1,0.3815585,0.6184415
3,BJ_9,10,BJ_9_clip_10,1,1,0.38183403,0.618166
3,BJ_9,11,BJ_9_clip_11,1,1,0.38360906,0.61639094
3,BJ_9,12,BJ_9_clip_12,1,1,0.37936938,0.6206307
3,BJ_9,13,BJ_9_clip_13,1,1,0.37783077,0.6221692
3,BJ_9,14,BJ_9_clip_14,1,1,0.3832487,0.6167514
3,BJ_9,15,BJ_9_clip_15,1,1,0.37952775,0.6204722
3,BJ_9,16,BJ_9_clip_16,1,1,0.38211474,0.61788523
3,BJ_9,17,BJ_9_clip_17,1,1,0.38057867,0.61942136
3,BJ_9,18,BJ_9_clip_18,1,1,0.37906015,0.62093985
3,BJ_9,19,BJ_9_clip_19,1,1,0.37885082,0.6211492
3,BJ_9,2,BJ_9_clip_2,1,1,0.37738955,0.6226105
3,BJ_9,20,BJ_9_clip_20,1,1,0.3787014,0.62129855
3,BJ_9,3,BJ_9_clip_3,1,1,0.3774687,0.6225313
3,BJ_9,4,BJ_9_clip_4,1,1,0.38005894,0.619941
3,BJ_9,5,BJ_9_clip_5,1,1,0.3819241,0.6180759
3,BJ_9,6,BJ_9_clip_6,1,1,0.383918,0.616082
3,BJ_9,7,BJ_9_clip_7,1,1,0.38728663,0.6127134
3,BJ_9,8,BJ_9_clip_8,1,1,0.38306248,0.6169375
3,BJ_9,9,BJ_9_clip_9,1,1,0.3822613,0.6177387
3,ZJ_12,1,ZJ_12_clip_1,0,1,0.38178292,0.6182171
3,ZJ_12,10,ZJ_12_clip_10,0,1,0.38336068,0.6166393
3,ZJ_12,11,ZJ_12_clip_11,0,1,0.383877,0.61612296
3,ZJ_12,12,ZJ_12_clip_12,0,1,0.37922484,0.62077516
3,ZJ_12,13,ZJ_12_clip_13,0,1,0.37904346,0.6209566
3,ZJ_12,14,ZJ_12_clip_14,0,1,0.38281226,0.61718774
3,ZJ_12,15,ZJ_12_clip_15,0,1,0.37825453,0.6217454
3,ZJ_12,16,ZJ_12_clip_16,0,1,0.3857962,0.6142038
3,ZJ_12,17,ZJ_12_clip_17,0,1,0.38025963,0.61974037
3,ZJ_12,18,ZJ_12_clip_18,0,1,0.38016993,0.6198301
3,ZJ_12,19,ZJ_12_clip_19,0,1,0.37977841,0.6202216
3,ZJ_12,2,ZJ_12_clip_2,0,1,0.37772375,0.62227625
3,ZJ_12,20,ZJ_12_clip_20,0,1,0.37891117,0.6210888
3,ZJ_12,3,ZJ_12_clip_3,0,1,0.38128066,0.61871934
3,ZJ_12,4,ZJ_12_clip_4,0,1,0.3805391,0.6194609
3,ZJ_12,5,ZJ_12_clip_5,0,1,0.38231316,0.61768687
3,ZJ_12,6,ZJ_12_clip_6,0,1,0.38312817,0.61687183
3,ZJ_12,7,ZJ_12_clip_7,0,1,0.3848031,0.61519694
3,ZJ_12,8,ZJ_12_clip_8,0,1,0.3828916,0.6171084
3,ZJ_12,9,ZJ_12_clip_9,0,1,0.37913558,0.62086445
3,ZJ_14,1,ZJ_14_clip_1,0,1,0.3816966,0.61830336
3,ZJ_14,10,ZJ_14_clip_10,0,1,0.3808718,0.61912817
3,ZJ_14,11,ZJ_14_clip_11,0,1,0.38505778,0.61494225
3,ZJ_14,12,ZJ_14_clip_12,0,1,0.3798731,0.6201269
3,ZJ_14,13,ZJ_14_clip_13,0,1,0.37938136,0.62061864
3,ZJ_14,14,ZJ_14_clip_14,0,1,0.38279673,0.61720324
3,ZJ_14,15,ZJ_14_clip_15,0,1,0.38086212,0.61913794
3,ZJ_14,16,ZJ_14_clip_16,0,1,0.38334098,0.616659
3,ZJ_14,17,ZJ_14_clip_17,0,1,0.37811366,0.6218863
3,ZJ_14,18,ZJ_14_clip_18,0,1,0.38080034,0.61919963
3,ZJ_14,19,ZJ_14_clip_19,0,1,0.3794787,0.6205213
3,ZJ_14,2,ZJ_14_clip_2,0,1,0.37828124,0.6217188
3,ZJ_14,20,ZJ_14_clip_20,0,1,0.37784743,0.62215257
3,ZJ_14,3,ZJ_14_clip_3,0,1,0.38046396,0.619536
3,ZJ_14,4,ZJ_14_clip_4,0,1,0.38120073,0.61879927
3,ZJ_14,5,ZJ_14_clip_5,0,1,0.3813395,0.6186605
3,ZJ_14,6,ZJ_14_clip_6,0,1,0.3838544,0.6161456
3,ZJ_14,7,ZJ_14_clip_7,0,1,0.38380313,0.6161969
3,ZJ_14,8,ZJ_14_clip_8,0,1,0.38531473,0.6146853
3,ZJ_14,9,ZJ_14_clip_9,0,1,0.38212144,0.6178785
3,ZJ_15,1,ZJ_15_clip_1,0,1,0.379234,0.62076604
3,ZJ_15,10,ZJ_15_clip_10,0,1,0.37977034,0.6202297
3,ZJ_15,11,ZJ_15_clip_11,0,1,0.3790349,0.62096506
3,ZJ_15,12,ZJ_15_clip_12,0,1,0.37736025,0.6226397
3,ZJ_15,13,ZJ_15_clip_13,0,1,0.37794858,0.62205136
3,ZJ_15,14,ZJ_15_clip_14,0,1,0.3790192,0.6209808
3,ZJ_15,15,ZJ_15_clip_15,0,1,0.37569335,0.6243067
3,ZJ_15,16,ZJ_15_clip_16,0,1,0.37855452,0.6214455
3,ZJ_15,17,ZJ_15_clip_17,0,1,0.3772082,0.62279177
3,ZJ_15,18,ZJ_15_clip_18,0,1,0.38048616,0.61951387
3,ZJ_15,19,ZJ_15_clip_19,0,1,0.37689915,0.6231009
3,ZJ_15,2,ZJ_15_clip_2,0,1,0.37769568,0.6223043
3,ZJ_15,20,ZJ_15_clip_20,0,1,0.3772984,0.6227015
3,ZJ_15,3,ZJ_15_clip_3,0,1,0.37742126,0.6225787
3,ZJ_15,4,ZJ_15_clip_4,0,1,0.3782159,0.62178415
3,ZJ_15,5,ZJ_15_clip_5,0,1,0.37773567,0.62226427
3,ZJ_15,6,ZJ_15_clip_6,0,1,0.38133255,0.6186674
3,ZJ_15,7,ZJ_15_clip_7,0,1,0.3822137,0.6177862
3,ZJ_15,8,ZJ_15_clip_8,0,1,0.37850603,0.621494
3,ZJ_15,9,ZJ_15_clip_9,0,1,0.37887076,0.6211293
3,ZJ_16,1,ZJ_16_clip_1,0,1,0.3805822,0.6194178
3,ZJ_16,10,ZJ_16_clip_10,0,1,0.3829951,0.6170049
3,ZJ_16,11,ZJ_16_clip_11,0,1,0.38168362,0.61831635
3,ZJ_16,12,ZJ_16_clip_12,0,1,0.38144758,0.6185524
3,ZJ_16,13,ZJ_16_clip_13,0,1,0.38061672,0.61938334
3,ZJ_16,14,ZJ_16_clip_14,0,1,0.38347742,0.6165226
3,ZJ_16,15,ZJ_16_clip_15,0,1,0.37942085,0.6205792
3,ZJ_16,16,ZJ_16_clip_16,0,1,0.38403252,0.61596745
3,ZJ_16,17,ZJ_16_clip_17,0,1,0.37972292,0.62027705
3,ZJ_16,18,ZJ_16_clip_18,0,1,0.3830848,0.61691517
3,ZJ_16,19,ZJ_16_clip_19,0,1,0.38280463,0.61719537
3,ZJ_16,2,ZJ_16_clip_2,0,1,0.3797238,0.6202762
3,ZJ_16,20,ZJ_16_clip_20,0,1,0.37914062,0.62085944
3,ZJ_16,3,ZJ_16_clip_3,0,1,0.38124502,0.618755
3,ZJ_16,4,ZJ_16_clip_4,0,1,0.3809419,0.6190581
3,ZJ_16,5,ZJ_16_clip_5,0,1,0.38287255,0.6171275
3,ZJ_16,6,ZJ_16_clip_6,0,1,0.38566905,0.61433095
3,ZJ_16,7,ZJ_16_clip_7,0,1,0.38388363,0.61611634
3,ZJ_16,8,ZJ_16_clip_8,0,1,0.3836438,0.6163562
3,ZJ_16,9,ZJ_16_clip_9,0,1,0.38224736,0.6177527
3,ZJ_1,1,ZJ_1_clip_1,0,1,0.3828967,0.6171033
3,ZJ_1,10,ZJ_1_clip_10,0,1,0.38144767,0.6185524
3,ZJ_1,11,ZJ_1_clip_11,0,1,0.3822741,0.6177259
3,ZJ_1,12,ZJ_1_clip_12,0,1,0.38110086,0.6188991
3,ZJ_1,13,ZJ_1_clip_13,0,1,0.3787683,0.62123173
3,ZJ_1,14,ZJ_1_clip_14,0,1,0.38176623,0.61823374
3,ZJ_1,15,ZJ_1_clip_15,0,1,0.3803634,0.6196366
3,ZJ_1,16,ZJ_1_clip_16,0,1,0.3853549,0.6146451
3,ZJ_1,17,ZJ_1_clip_17,0,1,0.37760985,0.62239015
3,ZJ_1,18,ZJ_1_clip_18,0,1,0.38162583,0.61837417
3,ZJ_1,19,ZJ_1_clip_19,0,1,0.37826073,0.62173927
3,ZJ_1,2,ZJ_1_clip_2,0,1,0.3785869,0.62141305
3,ZJ_1,20,ZJ_1_clip_20,0,1,0.37827334,0.62172663
3,ZJ_1,3,ZJ_1_clip_3,0,1,0.37984008,0.6201599
3,ZJ_1,4,ZJ_1_clip_4,0,1,0.37902334,0.6209766
3,ZJ_1,5,ZJ_1_clip_5,0,1,0.3803389,0.61966115
3,ZJ_1,6,ZJ_1_clip_6,0,1,0.38429835,0.6157017
3,ZJ_1,7,ZJ_1_clip_7,0,1,0.38394997,0.61605006
3,ZJ_1,8,ZJ_1_clip_8,0,1,0.38197103,0.61802894
3,ZJ_1,9,ZJ_1_clip_9,0,1,0.379149,0.620851
3,ZJ_4,1,ZJ_4_clip_1,0,1,0.38176534,0.61823463
3,ZJ_4,10,ZJ_4_clip_10,0,1,0.3818603,0.6181397
3,ZJ_4,11,ZJ_4_clip_11,0,1,0.38362145,0.61637855
3,ZJ_4,12,ZJ_4_clip_12,0,1,0.38093543,0.6190645
3,ZJ_4,13,ZJ_4_clip_13,0,1,0.37955418,0.6204458
3,ZJ_4,14,ZJ_4_clip_14,0,1,0.38259974,0.6174002
3,ZJ_4,15,ZJ_4_clip_15,0,1,0.37952775,0.6204722
3,ZJ_4,16,ZJ_4_clip_16,0,1,0.384491,0.615509
3,ZJ_4,17,ZJ_4_clip_17,0,1,0.37909302,0.62090695
3,ZJ_4,18,ZJ_4_clip_18,0,1,0.38027248,0.6197275
3,ZJ_4,19,ZJ_4_clip_19,0,1,0.38039666,0.61960334
3,ZJ_4,2,ZJ_4_clip_2,0,1,0.37943462,0.62056535
3,ZJ_4,20,ZJ_4_clip_20,0,1,0.3787831,0.62121683
3,ZJ_4,3,ZJ_4_clip_3,0,1,0.38200134,0.61799866
3,ZJ_4,4,ZJ_4_clip_4,0,1,0.3823088,0.61769116
3,ZJ_4,5,ZJ_4_clip_5,0,1,0.38164243,0.6183576
3,ZJ_4,6,ZJ_4_clip_6,0,1,0.3842504,0.6157496
3,ZJ_4,7,ZJ_4_clip_7,0,1,0.382727,0.617273
3,ZJ_4,8,ZJ_4_clip_8,0,1,0.38155803,0.618442
3,ZJ_4,9,ZJ_4_clip_9,0,1,0.3819845,0.61801547
3,ZJ_7,1,ZJ_7_clip_1,0,1,0.38369358,0.6163064
3,ZJ_7,10,ZJ_7_clip_10,0,1,0.38479838,0.61520165
3,ZJ_7,11,ZJ_7_clip_11,0,1,0.38477755,0.6152224
3,ZJ_7,12,ZJ_7_clip_12,0,1,0.38294858,0.6170514
3,ZJ_7,13,ZJ_7_clip_13,0,1,0.38128856,0.6187114
3,ZJ_7,14,ZJ_7_clip_14,0,1,0.3851597,0.61484027
3,ZJ_7,15,ZJ_7_clip_15,0,1,0.38195264,0.6180473
3,ZJ_7,16,ZJ_7_clip_16,0,1,0.3856265,0.6143735
3,ZJ_7,17,ZJ_7_clip_17,0,1,0.38312247,0.61687756
3,ZJ_7,18,ZJ_7_clip_18,0,1,0.38203445,0.6179656
3,ZJ_7,19,ZJ_7_clip_19,0,1,0.38283172,0.61716825
3,ZJ_7,2,ZJ_7_clip_2,0,1,0.3802167,0.61978334
3,ZJ_7,20,ZJ_7_clip_20,0,1,0.37960038,0.6203996
3,ZJ_7,3,ZJ_7_clip_3,0,1,0.38461804,0.6153819
3,ZJ_7,4,ZJ_7_clip_4,0,1,0.38147873,0.6185213
3,ZJ_7,5,ZJ_7_clip_5,0,1,0.38429347,0.6157065
3,ZJ_7,6,ZJ_7_clip_6,0,1,0.38336664,0.6166334
3,ZJ_7,7,ZJ_7_clip_7,0,1,0.3868322,0.61316776
3,ZJ_7,8,ZJ_7_clip_8,0,1,0.3842084,0.61579156
3,ZJ_7,9,ZJ_7_clip_9,0,1,0.38456845,0.61543155
